{
	"partitions" : [
		{
			"name" : "Top",
			"pins" : [
				{
					"name" : "HEX0[0]",
					"strict" : false
				},
				{
					"name" : "HEX0[1]",
					"strict" : false
				},
				{
					"name" : "HEX0[2]",
					"strict" : false
				},
				{
					"name" : "HEX0[3]",
					"strict" : false
				},
				{
					"name" : "HEX0[4]",
					"strict" : false
				},
				{
					"name" : "HEX0[5]",
					"strict" : false
				},
				{
					"name" : "HEX0[6]",
					"strict" : false
				},
				{
					"name" : "HEX1[0]",
					"strict" : false
				},
				{
					"name" : "HEX1[1]",
					"strict" : false
				},
				{
					"name" : "HEX1[2]",
					"strict" : false
				},
				{
					"name" : "HEX1[3]",
					"strict" : false
				},
				{
					"name" : "HEX1[4]",
					"strict" : false
				},
				{
					"name" : "HEX1[5]",
					"strict" : false
				},
				{
					"name" : "HEX1[6]",
					"strict" : false
				},
				{
					"name" : "HEX2[0]",
					"strict" : false
				},
				{
					"name" : "HEX2[1]",
					"strict" : false
				},
				{
					"name" : "HEX2[2]",
					"strict" : false
				},
				{
					"name" : "HEX2[3]",
					"strict" : false
				},
				{
					"name" : "HEX2[4]",
					"strict" : false
				},
				{
					"name" : "HEX2[5]",
					"strict" : false
				},
				{
					"name" : "HEX2[6]",
					"strict" : false
				},
				{
					"name" : "HEX3[0]",
					"strict" : false
				},
				{
					"name" : "HEX3[1]",
					"strict" : false
				},
				{
					"name" : "HEX3[2]",
					"strict" : false
				},
				{
					"name" : "HEX3[3]",
					"strict" : false
				},
				{
					"name" : "HEX3[4]",
					"strict" : false
				},
				{
					"name" : "HEX3[5]",
					"strict" : false
				},
				{
					"name" : "HEX3[6]",
					"strict" : false
				},
				{
					"name" : "HEX4[0]",
					"strict" : false
				},
				{
					"name" : "HEX4[1]",
					"strict" : false
				},
				{
					"name" : "HEX4[2]",
					"strict" : false
				},
				{
					"name" : "HEX4[3]",
					"strict" : false
				},
				{
					"name" : "HEX4[4]",
					"strict" : false
				},
				{
					"name" : "HEX4[5]",
					"strict" : false
				},
				{
					"name" : "HEX4[6]",
					"strict" : false
				},
				{
					"name" : "HEX5[0]",
					"strict" : false
				},
				{
					"name" : "HEX5[1]",
					"strict" : false
				},
				{
					"name" : "HEX5[2]",
					"strict" : false
				},
				{
					"name" : "HEX5[3]",
					"strict" : false
				},
				{
					"name" : "HEX5[4]",
					"strict" : false
				},
				{
					"name" : "HEX5[5]",
					"strict" : false
				},
				{
					"name" : "HEX5[6]",
					"strict" : false
				},
				{
					"name" : "HEX6[0]",
					"strict" : false
				},
				{
					"name" : "HEX6[1]",
					"strict" : false
				},
				{
					"name" : "HEX6[2]",
					"strict" : false
				},
				{
					"name" : "HEX6[3]",
					"strict" : false
				},
				{
					"name" : "HEX6[4]",
					"strict" : false
				},
				{
					"name" : "HEX6[5]",
					"strict" : false
				},
				{
					"name" : "HEX6[6]",
					"strict" : false
				},
				{
					"name" : "HEX7[0]",
					"strict" : false
				},
				{
					"name" : "HEX7[1]",
					"strict" : false
				},
				{
					"name" : "HEX7[2]",
					"strict" : false
				},
				{
					"name" : "HEX7[3]",
					"strict" : false
				},
				{
					"name" : "HEX7[4]",
					"strict" : false
				},
				{
					"name" : "HEX7[5]",
					"strict" : false
				},
				{
					"name" : "HEX7[6]",
					"strict" : false
				},
				{
					"name" : "testR[0]",
					"strict" : false
				},
				{
					"name" : "testR[1]",
					"strict" : false
				},
				{
					"name" : "testR[2]",
					"strict" : false
				},
				{
					"name" : "testR[3]",
					"strict" : false
				},
				{
					"name" : "testR[4]",
					"strict" : false
				},
				{
					"name" : "testR[5]",
					"strict" : false
				},
				{
					"name" : "testR[6]",
					"strict" : false
				},
				{
					"name" : "testR[7]",
					"strict" : false
				},
				{
					"name" : "testR[8]",
					"strict" : false
				},
				{
					"name" : "testR[9]",
					"strict" : false
				},
				{
					"name" : "testR[10]",
					"strict" : false
				},
				{
					"name" : "testR[11]",
					"strict" : false
				},
				{
					"name" : "testR[12]",
					"strict" : false
				},
				{
					"name" : "testR[13]",
					"strict" : false
				},
				{
					"name" : "testR[14]",
					"strict" : false
				},
				{
					"name" : "testR[15]",
					"strict" : false
				},
				{
					"name" : "testR[16]",
					"strict" : false
				},
				{
					"name" : "testR[17]",
					"strict" : false
				},
				{
					"name" : "testR[18]",
					"strict" : false
				},
				{
					"name" : "testR[19]",
					"strict" : false
				},
				{
					"name" : "testR[20]",
					"strict" : false
				},
				{
					"name" : "testR[21]",
					"strict" : false
				},
				{
					"name" : "testR[22]",
					"strict" : false
				},
				{
					"name" : "testR[23]",
					"strict" : false
				},
				{
					"name" : "testR[24]",
					"strict" : false
				},
				{
					"name" : "testR[25]",
					"strict" : false
				},
				{
					"name" : "testR[26]",
					"strict" : false
				},
				{
					"name" : "testR[27]",
					"strict" : false
				},
				{
					"name" : "testR[28]",
					"strict" : false
				},
				{
					"name" : "testR[29]",
					"strict" : false
				},
				{
					"name" : "testR[30]",
					"strict" : false
				},
				{
					"name" : "testR[31]",
					"strict" : false
				},
				{
					"name" : "testM[0]",
					"strict" : false
				},
				{
					"name" : "testM[1]",
					"strict" : false
				},
				{
					"name" : "testM[2]",
					"strict" : false
				},
				{
					"name" : "testM[3]",
					"strict" : false
				},
				{
					"name" : "testM[4]",
					"strict" : false
				},
				{
					"name" : "testM[5]",
					"strict" : false
				},
				{
					"name" : "testM[6]",
					"strict" : false
				},
				{
					"name" : "testM[7]",
					"strict" : false
				},
				{
					"name" : "testM[8]",
					"strict" : false
				},
				{
					"name" : "testM[9]",
					"strict" : false
				},
				{
					"name" : "testM[10]",
					"strict" : false
				},
				{
					"name" : "testM[11]",
					"strict" : false
				},
				{
					"name" : "testM[12]",
					"strict" : false
				},
				{
					"name" : "testM[13]",
					"strict" : false
				},
				{
					"name" : "testM[14]",
					"strict" : false
				},
				{
					"name" : "testM[15]",
					"strict" : false
				},
				{
					"name" : "testM[16]",
					"strict" : false
				},
				{
					"name" : "testM[17]",
					"strict" : false
				},
				{
					"name" : "testM[18]",
					"strict" : false
				},
				{
					"name" : "testM[19]",
					"strict" : false
				},
				{
					"name" : "testM[20]",
					"strict" : false
				},
				{
					"name" : "testM[21]",
					"strict" : false
				},
				{
					"name" : "testM[22]",
					"strict" : false
				},
				{
					"name" : "testM[23]",
					"strict" : false
				},
				{
					"name" : "testM[24]",
					"strict" : false
				},
				{
					"name" : "testM[25]",
					"strict" : false
				},
				{
					"name" : "testM[26]",
					"strict" : false
				},
				{
					"name" : "testM[27]",
					"strict" : false
				},
				{
					"name" : "testM[28]",
					"strict" : false
				},
				{
					"name" : "testM[29]",
					"strict" : false
				},
				{
					"name" : "testM[30]",
					"strict" : false
				},
				{
					"name" : "testM[31]",
					"strict" : false
				},
				{
					"name" : "src_clk",
					"strict" : false
				},
				{
					"name" : "altera_reserved_tms",
					"strict" : false
				},
				{
					"name" : "altera_reserved_tck",
					"strict" : false
				},
				{
					"name" : "altera_reserved_tdi",
					"strict" : false
				},
				{
					"name" : "altera_reserved_tdo",
					"strict" : false
				}
			]
		}
	]
}